{
  "hash": "523e0d20",
  "configHash": "9fda5f75",
  "lockfileHash": "8a939e99",
  "browserHash": "d247f2a4",
  "optimized": {
    "@angular/common": {
      "src": "../../../../../node_modules/@angular/common/fesm2022/common.mjs",
      "file": "@angular_common.js",
      "fileHash": "cd757683",
      "needsInterop": false
    },
    "@angular/common/http": {
      "src": "../../../../../node_modules/@angular/common/fesm2022/http.mjs",
      "file": "@angular_common_http.js",
      "fileHash": "2d58ea10",
      "needsInterop": false
    },
    "@angular/core": {
      "src": "../../../../../node_modules/@angular/core/fesm2022/core.mjs",
      "file": "@angular_core.js",
      "fileHash": "af29d864",
      "needsInterop": false
    },
    "@angular/forms": {
      "src": "../../../../../node_modules/@angular/forms/fesm2022/forms.mjs",
      "file": "@angular_forms.js",
      "fileHash": "ab6fddfe",
      "needsInterop": false
    },
    "@angular/material/snack-bar": {
      "src": "../../../../../node_modules/@angular/material/fesm2022/snack-bar.mjs",
      "file": "@angular_material_snack-bar.js",
      "fileHash": "6d83b09a",
      "needsInterop": false
    },
    "@angular/platform-browser": {
      "src": "../../../../../node_modules/@angular/platform-browser/fesm2022/platform-browser.mjs",
      "file": "@angular_platform-browser.js",
      "fileHash": "094036f5",
      "needsInterop": false
    },
    "@angular/platform-browser/animations/async": {
      "src": "../../../../../node_modules/@angular/platform-browser/fesm2022/animations/async.mjs",
      "file": "@angular_platform-browser_animations_async.js",
      "fileHash": "40615972",
      "needsInterop": false
    },
    "@angular/router": {
      "src": "../../../../../node_modules/@angular/router/fesm2022/router.mjs",
      "file": "@angular_router.js",
      "fileHash": "dcbd3dfe",
      "needsInterop": false
    },
    "rxjs": {
      "src": "../../../../../node_modules/rxjs/dist/esm5/index.js",
      "file": "rxjs.js",
      "fileHash": "62c3cd4d",
      "needsInterop": false
    },
    "rxjs/operators": {
      "src": "../../../../../node_modules/rxjs/dist/esm5/operators/index.js",
      "file": "rxjs_operators.js",
      "fileHash": "0af5c56e",
      "needsInterop": false
    }
  },
  "chunks": {
    "browser-IQQYAAIP": {
      "file": "browser-IQQYAAIP.js"
    },
    "chunk-2EAEBDS2": {
      "file": "chunk-2EAEBDS2.js"
    },
    "chunk-W3YBYKIU": {
      "file": "chunk-W3YBYKIU.js"
    },
    "chunk-B6V244V4": {
      "file": "chunk-B6V244V4.js"
    },
    "chunk-YCV2D3OO": {
      "file": "chunk-YCV2D3OO.js"
    },
    "chunk-PE36VMWQ": {
      "file": "chunk-PE36VMWQ.js"
    },
    "chunk-PIQKY2LV": {
      "file": "chunk-PIQKY2LV.js"
    },
    "chunk-SZQPEDTI": {
      "file": "chunk-SZQPEDTI.js"
    },
    "chunk-Q3R3BXB2": {
      "file": "chunk-Q3R3BXB2.js"
    }
  }
}